Epoch,Loss Type,Loss Value
0.015873016,D_loss,1.5934
0.031746032,D_loss,1.1001
0.047619048,D_loss,0.1411
0.063492063,D_loss,0.139
0.079365079,D_loss,0.1039
0.095238095,D_loss,0.6004
0.111111111,D_loss,0.4084
0.126984127,D_loss,0.556
0.142857143,D_loss,0.3691
0.158730159,D_loss,0.1922
0.174603175,D_loss,0.3777
0.19047619,D_loss,0.6215
0.206349206,D_loss,0.8334
0.222222222,D_loss,0.4595
0.238095238,D_loss,0.5299
0.253968254,D_loss,0.7376
0.26984127,D_loss,0.5631
0.285714286,D_loss,0.7105
0.301587302,D_loss,0.6147
0.317460317,D_loss,0.7004
0.333333333,D_loss,0.5962
0.349206349,D_loss,0.6785
0.365079365,D_loss,0.8778
0.380952381,D_loss,0.8906
0.396825397,D_loss,0.8009
0.412698413,D_loss,0.6456
0.428571429,D_loss,0.6176
0.444444444,D_loss,0.7148
0.46031746,D_loss,1.1679
0.476190476,D_loss,0.7739
0.492063492,D_loss,0.517
0.507936508,D_loss,0.6942
0.523809524,D_loss,0.8135
0.53968254,D_loss,0.7238
0.555555556,D_loss,0.7648
0.571428571,D_loss,0.4545
0.587301587,D_loss,0.7633
0.603174603,D_loss,0.7476
0.619047619,D_loss,0.7542
0.634920635,D_loss,0.5911
0.650793651,D_loss,0.7047
0.666666667,D_loss,0.6161
0.682539683,D_loss,1.8161
0.698412698,D_loss,1.1176
0.714285714,D_loss,0.6268
0.73015873,D_loss,0.5889
0.746031746,D_loss,0.875
0.761904762,D_loss,0.9149
0.777777778,D_loss,0.8521
0.793650794,D_loss,1.4803
0.80952381,D_loss,0.4812
0.825396825,D_loss,1.0005
0.841269841,D_loss,0.3621
0.857142857,D_loss,0.4494
0.873015873,D_loss,1.1635
0.888888889,D_loss,0.6136
0.904761905,D_loss,0.6172
0.920634921,D_loss,0.4994
0.936507937,D_loss,1.1923
0.952380952,D_loss,0.5606
0.968253968,D_loss,0.9585
0.984126984,D_loss,0.6155
1.0,D_loss,0.8098
1.015873016,D_loss,0.8242
1.031746032,D_loss,0.4725
1.047619048,D_loss,0.9086
1.063492063,D_loss,0.4188
1.079365079,D_loss,0.5607
1.095238095,D_loss,0.5194
1.111111111,D_loss,0.7855
1.126984127,D_loss,0.7099
1.142857143,D_loss,0.8398
1.158730159,D_loss,0.7999
1.174603175,D_loss,0.5132
1.19047619,D_loss,0.5407
1.206349206,D_loss,0.7824
1.222222222,D_loss,0.5013
1.238095238,D_loss,0.5628
1.253968254,D_loss,0.6024
1.26984127,D_loss,0.6192
1.285714286,D_loss,0.2376
1.301587302,D_loss,1.2848
1.317460317,D_loss,0.3863
1.333333333,D_loss,0.6025
1.349206349,D_loss,0.314
1.365079365,D_loss,0.3939
1.380952381,D_loss,0.8857
1.396825397,D_loss,0.82
1.412698413,D_loss,0.6698
1.428571429,D_loss,0.9939
1.444444444,D_loss,0.8451
1.46031746,D_loss,0.6183
1.476190476,D_loss,0.5906
1.492063492,D_loss,0.6026
1.507936508,D_loss,0.3426
1.523809524,D_loss,0.7635
1.53968254,D_loss,1.1406
1.555555556,D_loss,2.0248
1.571428571,D_loss,0.6543
1.587301587,D_loss,0.3492
1.603174603,D_loss,0.5691
1.619047619,D_loss,0.4041
1.634920635,D_loss,0.4524
1.650793651,D_loss,0.5286
1.666666667,D_loss,0.7817
1.682539683,D_loss,0.4136
1.698412698,D_loss,1.0822
1.714285714,D_loss,0.4723
1.73015873,D_loss,0.3777
1.746031746,D_loss,0.2517
1.761904762,D_loss,0.3437
1.777777778,D_loss,0.7225
1.793650794,D_loss,0.453
1.80952381,D_loss,0.6342
1.825396825,D_loss,0.663
1.841269841,D_loss,0.3378
1.857142857,D_loss,0.2701
1.873015873,D_loss,0.2369
1.888888889,D_loss,0.2179
1.904761905,D_loss,0.4266
1.920634921,D_loss,0.5476
1.936507937,D_loss,0.7164
1.952380952,D_loss,0.2413
1.968253968,D_loss,0.3462
1.984126984,D_loss,0.6633
2.0,D_loss,0.5488
2.015873016,D_loss,0.3207
2.031746032,D_loss,0.4419
2.047619048,D_loss,0.1565
2.063492063,D_loss,0.1639
2.079365079,D_loss,0.2779
2.095238095,D_loss,0.2795
2.111111111,D_loss,0.4098
2.126984127,D_loss,0.8709
2.142857143,D_loss,0.669
2.158730159,D_loss,0.1181
2.174603175,D_loss,0.2843
2.19047619,D_loss,0.2848
2.206349206,D_loss,0.1204
2.222222222,D_loss,0.0637
2.238095238,D_loss,0.3748
2.253968254,D_loss,1.4072
2.26984127,D_loss,0.3498
2.285714286,D_loss,0.4411
2.301587302,D_loss,0.0783
2.317460317,D_loss,0.437
2.333333333,D_loss,1.4139
2.349206349,D_loss,0.1369
2.365079365,D_loss,3.1592
2.380952381,D_loss,0.251
2.396825397,D_loss,0.3223
2.412698413,D_loss,0.3312
2.428571429,D_loss,0.2013
2.444444444,D_loss,0.1187
2.46031746,D_loss,0.1566
2.476190476,D_loss,4.3056
2.492063492,D_loss,0.2362
2.507936508,D_loss,0.2619
2.523809524,D_loss,0.5471
2.53968254,D_loss,0.4057
2.555555556,D_loss,0.1643
2.571428571,D_loss,0.3386
2.587301587,D_loss,0.1041
2.603174603,D_loss,0.4664
2.619047619,D_loss,0.599
2.634920635,D_loss,0.2465
2.650793651,D_loss,0.247
2.666666667,D_loss,0.3335
2.682539683,D_loss,0.2472
2.698412698,D_loss,0.5931
2.714285714,D_loss,0.3742
2.73015873,D_loss,0.1525
2.746031746,D_loss,0.2532
2.761904762,D_loss,0.2316
2.777777778,D_loss,0.2609
2.793650794,D_loss,0.2143
2.80952381,D_loss,0.4588
2.825396825,D_loss,0.3605
2.841269841,D_loss,0.1762
2.857142857,D_loss,0.261
2.873015873,D_loss,0.0692
2.888888889,D_loss,0.2379
2.904761905,D_loss,0.1447
2.920634921,D_loss,0.111
2.936507937,D_loss,0.1285
2.952380952,D_loss,0.3223
2.968253968,D_loss,0.0759
2.984126984,D_loss,0.0429
3.0,D_loss,0.2497
3.015873016,D_loss,2.8298
3.031746032,D_loss,0.3948
3.047619048,D_loss,0.1729
3.063492063,D_loss,0.0827
3.079365079,D_loss,0.3208
3.095238095,D_loss,0.1218
3.111111111,D_loss,0.2924
3.126984127,D_loss,0.1093
3.142857143,D_loss,0.1929
3.158730159,D_loss,0.2736
3.174603175,D_loss,0.1656
3.19047619,D_loss,0.2284
3.206349206,D_loss,0.1157
3.222222222,D_loss,0.4584
3.238095238,D_loss,0.1377
3.253968254,D_loss,0.0343
3.26984127,D_loss,0.0454
3.285714286,D_loss,0.0931
3.301587302,D_loss,0.1484
3.317460317,D_loss,0.3572
3.333333333,D_loss,0.1242
3.349206349,D_loss,0.1074
3.365079365,D_loss,0.4677
3.380952381,D_loss,0.1071
3.396825397,D_loss,0.3514
3.412698413,D_loss,2.1431
3.428571429,D_loss,0.0324
3.444444444,D_loss,0.3729
3.46031746,D_loss,0.1632
3.476190476,D_loss,0.1136
3.492063492,D_loss,0.0734
3.507936508,D_loss,0.6001
3.523809524,D_loss,0.3597
3.53968254,D_loss,0.1902
3.555555556,D_loss,0.148
3.571428571,D_loss,0.124
3.587301587,D_loss,0.3346
3.603174603,D_loss,0.1698
3.619047619,D_loss,0.0526
3.634920635,D_loss,0.1522
3.650793651,D_loss,0.1572
3.666666667,D_loss,0.0847
3.682539683,D_loss,0.0923
3.698412698,D_loss,0.0804
3.714285714,D_loss,0.0533
3.73015873,D_loss,0.8054
3.746031746,D_loss,0.7462
3.761904762,D_loss,2.9049
3.777777778,D_loss,0.1979
3.793650794,D_loss,0.1967
3.80952381,D_loss,0.0337
3.825396825,D_loss,0.0563
3.841269841,D_loss,0.0964
3.857142857,D_loss,1.1199
3.873015873,D_loss,0.0483
3.888888889,D_loss,0.4282
3.904761905,D_loss,0.0208
3.920634921,D_loss,0.1315
3.936507937,D_loss,0.3129
3.952380952,D_loss,0.4031
3.968253968,D_loss,0.1163
3.984126984,D_loss,0.1751
4.0,D_loss,0.0508
4.015873016,D_loss,2.9229
4.031746032,D_loss,0.0972
4.047619048,D_loss,0.3968
4.063492063,D_loss,0.0536
4.079365079,D_loss,0.0396
4.095238095,D_loss,0.0221
4.111111111,D_loss,0.0426
4.126984127,D_loss,0.1005
4.142857143,D_loss,0.2775
4.158730159,D_loss,0.2106
4.174603175,D_loss,0.0389
4.19047619,D_loss,0.0563
4.206349206,D_loss,0.0458
4.222222222,D_loss,0.0986
4.238095238,D_loss,0.0555
4.253968254,D_loss,0.1774
4.26984127,D_loss,0.0252
4.285714286,D_loss,0.2075
4.301587302,D_loss,5.876
4.317460317,D_loss,0.2032
4.333333333,D_loss,0.0702
4.349206349,D_loss,0.0627
4.365079365,D_loss,0.0631
4.380952381,D_loss,0.1693
4.396825397,D_loss,0.0794
4.412698413,D_loss,0.0374
4.428571429,D_loss,0.2025
4.444444444,D_loss,0.0368
4.46031746,D_loss,0.0734
4.476190476,D_loss,0.0476
4.492063492,D_loss,0.069
4.507936508,D_loss,0.0522
4.523809524,D_loss,0.1631
4.53968254,D_loss,0.1798
4.555555556,D_loss,0.0461
4.571428571,D_loss,2.0966
4.587301587,D_loss,0.0206
4.603174603,D_loss,0.4265
4.619047619,D_loss,0.1096
4.634920635,D_loss,0.0572
4.650793651,D_loss,0.0373
4.666666667,D_loss,0.1979
4.682539683,D_loss,0.3003
4.698412698,D_loss,0.0527
4.714285714,D_loss,1.1079
4.73015873,D_loss,0.0174
4.746031746,D_loss,0.1675
4.761904762,D_loss,0.3123
4.777777778,D_loss,0.1154
4.793650794,D_loss,0.0481
4.80952381,D_loss,0.0397
4.825396825,D_loss,0.0096
4.841269841,D_loss,0.0509
4.857142857,D_loss,0.0346
4.873015873,D_loss,0.0855
4.888888889,D_loss,0.0461
4.904761905,D_loss,0.0184
4.920634921,D_loss,0.15
4.936507937,D_loss,0.5831
4.952380952,D_loss,0.0193
4.968253968,D_loss,0.1347
4.984126984,D_loss,0.0304
5.0,D_loss,0.09
5.015873016,D_loss,4.4933
5.031746032,D_loss,0.1944
5.047619048,D_loss,0.0382
5.063492063,D_loss,0.095
5.079365079,D_loss,1.0452
5.095238095,D_loss,0.0842
5.111111111,D_loss,0.0336
5.126984127,D_loss,0.0203
5.142857143,D_loss,0.0436
5.158730159,D_loss,0.0668
5.174603175,D_loss,0.1978
5.19047619,D_loss,0.2123
5.206349206,D_loss,0.2016
5.222222222,D_loss,0.1016
5.238095238,D_loss,0.0251
5.253968254,D_loss,0.0202
5.26984127,D_loss,0.05
5.285714286,D_loss,0.0536
5.301587302,D_loss,0.0315
5.317460317,D_loss,0.0282
5.333333333,D_loss,0.1308
5.349206349,D_loss,0.1341
5.365079365,D_loss,0.0175
5.380952381,D_loss,0.09
5.396825397,D_loss,0.1071
5.412698413,D_loss,0.0415
5.428571429,D_loss,0.0921
5.444444444,D_loss,0.203
5.46031746,D_loss,0.1913
5.476190476,D_loss,0.0192
5.492063492,D_loss,0.894
5.507936508,D_loss,0.1435
5.523809524,D_loss,0.008
5.53968254,D_loss,0.007
5.555555556,D_loss,0.0325
5.571428571,D_loss,0.4661
5.587301587,D_loss,0.0355
5.603174603,D_loss,0.1181
5.619047619,D_loss,0.8172
5.634920635,D_loss,0.0183
5.650793651,D_loss,0.3666
5.666666667,D_loss,0.1048
5.682539683,D_loss,0.2012
5.698412698,D_loss,0.0218
5.714285714,D_loss,0.0477
5.73015873,D_loss,0.0335
5.746031746,D_loss,0.0375
5.761904762,D_loss,0.1264
5.777777778,D_loss,0.0107
5.793650794,D_loss,0.0994
5.80952381,D_loss,0.0389
5.825396825,D_loss,0.1035
5.841269841,D_loss,0.2985
5.857142857,D_loss,0.0563
5.873015873,D_loss,0.0167
5.888888889,D_loss,0.1232
5.904761905,D_loss,0.0502
5.920634921,D_loss,0.0232
5.936507937,D_loss,0.0296
5.952380952,D_loss,0.0547
5.968253968,D_loss,0.0139
5.984126984,D_loss,0.0371
6.0,D_loss,0.1682
6.015873016,D_loss,4.4815
6.031746032,D_loss,1.3961
6.047619048,D_loss,0.0716
6.063492063,D_loss,0.0518
6.079365079,D_loss,0.0856
6.095238095,D_loss,0.0505
6.111111111,D_loss,0.1732
6.126984127,D_loss,0.1401
6.142857143,D_loss,0.4276
6.158730159,D_loss,0.0781
6.174603175,D_loss,0.026
6.19047619,D_loss,0.0221
6.206349206,D_loss,0.0316
6.222222222,D_loss,0.0233
6.238095238,D_loss,0.0321
6.253968254,D_loss,0.0571
6.26984127,D_loss,0.6982
6.285714286,D_loss,0.0068
6.301587302,D_loss,0.0751
6.317460317,D_loss,0.0487
6.333333333,D_loss,0.206
6.349206349,D_loss,0.0523
6.365079365,D_loss,0.0227
6.380952381,D_loss,0.1765
6.396825397,D_loss,0.0272
6.412698413,D_loss,0.069
6.428571429,D_loss,0.1017
6.444444444,D_loss,0.0213
6.46031746,D_loss,0.1088
6.476190476,D_loss,0.0223
6.492063492,D_loss,0.0238
6.507936508,D_loss,0.0089
6.523809524,D_loss,0.5936
6.53968254,D_loss,0.0515
6.555555556,D_loss,0.0489
6.571428571,D_loss,0.0272
6.587301587,D_loss,0.0147
6.603174603,D_loss,0.0155
6.619047619,D_loss,0.0904
6.634920635,D_loss,0.0255
6.650793651,D_loss,0.0485
6.666666667,D_loss,0.0056
6.682539683,D_loss,0.0353
6.698412698,D_loss,0.0348
6.714285714,D_loss,0.011
6.73015873,D_loss,0.0169
6.746031746,D_loss,0.0102
6.761904762,D_loss,0.0591
6.777777778,D_loss,0.0201
6.793650794,D_loss,0.0744
6.80952381,D_loss,0.045
6.825396825,D_loss,0.4816
6.841269841,D_loss,0.0155
6.857142857,D_loss,0.0199
6.873015873,D_loss,0.078
6.888888889,D_loss,0.0125
6.904761905,D_loss,0.0098
6.920634921,D_loss,0.0574
6.936507937,D_loss,0.9073
6.952380952,D_loss,0.0238
6.968253968,D_loss,0.0064
6.984126984,D_loss,0.1358
7.0,D_loss,0.028
7.015873016,D_loss,0.0023
7.031746032,D_loss,0.0234
7.047619048,D_loss,0.0661
7.063492063,D_loss,0.0151
7.079365079,D_loss,0.1453
7.095238095,D_loss,0.0683
7.111111111,D_loss,0.0085
7.126984127,D_loss,0.0587
7.142857143,D_loss,0.0155
7.158730159,D_loss,0.0606
7.174603175,D_loss,0.4661
7.19047619,D_loss,0.0308
7.206349206,D_loss,0.0576
7.222222222,D_loss,0.0992
7.238095238,D_loss,0.0538
7.253968254,D_loss,0.0096
7.26984127,D_loss,0.0126
7.285714286,D_loss,0.0309
7.301587302,D_loss,0.0241
7.317460317,D_loss,0.0095
7.333333333,D_loss,0.0052
7.349206349,D_loss,0.3071
7.365079365,D_loss,0.0223
7.380952381,D_loss,0.0142
7.396825397,D_loss,0.0199
7.412698413,D_loss,0.0033
7.428571429,D_loss,0.0195
7.444444444,D_loss,0.2305
7.46031746,D_loss,0.15
7.476190476,D_loss,0.012
7.492063492,D_loss,0.008
7.507936508,D_loss,0.0101
7.523809524,D_loss,0.0153
7.53968254,D_loss,0.0221
7.555555556,D_loss,1.7866
7.571428571,D_loss,0.2097
7.587301587,D_loss,0.0218
7.603174603,D_loss,0.0774
7.619047619,D_loss,0.1144
7.634920635,D_loss,0.0168
7.650793651,D_loss,0.0531
7.666666667,D_loss,0.2175
7.682539683,D_loss,0.0062
7.698412698,D_loss,0.0774
7.714285714,D_loss,0.0403
7.73015873,D_loss,0.0122
7.746031746,D_loss,0.0303
7.761904762,D_loss,0.0174
7.777777778,D_loss,0.0068
7.793650794,D_loss,0.0115
7.80952381,D_loss,0.0047
7.825396825,D_loss,0.0655
7.841269841,D_loss,0.0932
7.857142857,D_loss,0.1594
7.873015873,D_loss,0.0504
7.888888889,D_loss,0.0274
7.904761905,D_loss,0.0638
7.920634921,D_loss,0.1624
7.936507937,D_loss,0.0243
7.952380952,D_loss,0.0234
7.968253968,D_loss,0.0087
7.984126984,D_loss,0.1388
8.0,D_loss,0.0155
8.015873016,D_loss,4.372
8.031746032,D_loss,0.5033
8.047619048,D_loss,0.5372
8.063492063,D_loss,0.0574
8.079365079,D_loss,0.0319
8.095238095,D_loss,0.0079
8.111111111,D_loss,0.0289
8.126984127,D_loss,0.0501
8.142857143,D_loss,0.043
8.158730159,D_loss,0.0413
8.174603175,D_loss,0.4139
8.19047619,D_loss,0.0187
8.206349206,D_loss,0.0066
8.222222222,D_loss,0.0188
8.238095238,D_loss,0.0917
8.253968254,D_loss,0.2226
8.26984127,D_loss,0.4911
8.285714286,D_loss,0.0357
8.301587302,D_loss,0.1831
8.317460317,D_loss,0.1012
8.333333333,D_loss,0.0941
8.349206349,D_loss,0.0514
8.365079365,D_loss,0.007
8.380952381,D_loss,0.0026
8.396825397,D_loss,0.5767
8.412698413,D_loss,0.0931
8.428571429,D_loss,0.0315
8.444444444,D_loss,0.0135
8.46031746,D_loss,0.023
8.476190476,D_loss,0.1887
8.492063492,D_loss,0.0253
8.507936508,D_loss,0.0187
8.523809524,D_loss,0.0026
8.53968254,D_loss,0.0055
8.555555556,D_loss,0.022
8.571428571,D_loss,0.3937
8.587301587,D_loss,0.0468
8.603174603,D_loss,0.2535
8.619047619,D_loss,0.0333
8.634920635,D_loss,0.0336
8.650793651,D_loss,0.0049
8.666666667,D_loss,0.8033
8.682539683,D_loss,0.0198
8.698412698,D_loss,0.0037
8.714285714,D_loss,0.1413
8.73015873,D_loss,0.0882
8.746031746,D_loss,0.0689
8.761904762,D_loss,0.0316
8.777777778,D_loss,0.0908
8.793650794,D_loss,0.0084
8.80952381,D_loss,0.1055
8.825396825,D_loss,0.114
8.841269841,D_loss,0.0134
8.857142857,D_loss,0.0639
8.873015873,D_loss,0.0039
8.888888889,D_loss,0.447
8.904761905,D_loss,0.0382
8.920634921,D_loss,0.0189
8.936507937,D_loss,0.0695
8.952380952,D_loss,0.1104
8.968253968,D_loss,0.0032
8.984126984,D_loss,0.3066
9.0,D_loss,1.4171
9.015873016,D_loss,1.0549
9.031746032,D_loss,0.1004
9.047619048,D_loss,0.3015
9.063492063,D_loss,0.1911
9.079365079,D_loss,0.0762
9.095238095,D_loss,0.0292
9.111111111,D_loss,0.0052
9.126984127,D_loss,0.0472
9.142857143,D_loss,0.0219
9.158730159,D_loss,0.1857
9.174603175,D_loss,0.019
9.19047619,D_loss,0.01
9.206349206,D_loss,0.0031
9.222222222,D_loss,0.0149
9.238095238,D_loss,0.0101
9.253968254,D_loss,0.0213
9.26984127,D_loss,0.0856
9.285714286,D_loss,0.0048
9.301587302,D_loss,0.0048
9.317460317,D_loss,0.002
9.333333333,D_loss,0.114
9.349206349,D_loss,0.2787
9.365079365,D_loss,0.0806
9.380952381,D_loss,0.0279
9.396825397,D_loss,0.0366
9.412698413,D_loss,0.1078
9.428571429,D_loss,0.0122
9.444444444,D_loss,0.0073
9.46031746,D_loss,0.0074
9.476190476,D_loss,0.0146
9.492063492,D_loss,0.0147
9.507936508,D_loss,0.0114
9.523809524,D_loss,0.0099
9.53968254,D_loss,0.0228
9.555555556,D_loss,0.0281
9.571428571,D_loss,0.0611
9.587301587,D_loss,0.0031
9.603174603,D_loss,0.0102
9.619047619,D_loss,0.0576
9.634920635,D_loss,0.0159
9.650793651,D_loss,0.2139
9.666666667,D_loss,0.0621
9.682539683,D_loss,0.0063
9.698412698,D_loss,0.009
9.714285714,D_loss,0.0038
9.73015873,D_loss,0.012
9.746031746,D_loss,0.1003
9.761904762,D_loss,0.0247
9.777777778,D_loss,0.1968
9.793650794,D_loss,0.004
9.80952381,D_loss,0.1114
9.825396825,D_loss,0.0181
9.841269841,D_loss,0.0497
9.857142857,D_loss,0.023
9.873015873,D_loss,0.0086
9.888888889,D_loss,0.0062
9.904761905,D_loss,0.1501
9.920634921,D_loss,0.1216
9.936507937,D_loss,0.026
9.952380952,D_loss,0.023
9.968253968,D_loss,0.1425
9.984126984,D_loss,0.0063
10.0,D_loss,0.0185
0.015873016,Генератор,2.8024
0.031746032,Генератор,10.7976
0.047619048,Генератор,3.1794
0.063492063,Генератор,3.9189
0.079365079,Генератор,3.337
0.095238095,Генератор,4.5458
0.111111111,Генератор,2.8869
0.126984127,Генератор,3.5656
0.142857143,Генератор,2.5248
0.158730159,Генератор,3.1307
0.174603175,Генератор,3.8016
0.19047619,Генератор,2.4208
0.206349206,Генератор,0.6925
0.222222222,Генератор,3.2672
0.238095238,Генератор,2.4037
0.253968254,Генератор,1.8467
0.26984127,Генератор,3.6029
0.285714286,Генератор,1.378
0.301587302,Генератор,3.0636
0.317460317,Генератор,2.0519
0.333333333,Генератор,2.443
0.349206349,Генератор,1.9079
0.365079365,Генератор,0.9595
0.380952381,Генератор,2.1985
0.396825397,Генератор,1.6084
0.412698413,Генератор,2.6624
0.428571429,Генератор,1.9708
0.444444444,Генератор,1.9254
0.46031746,Генератор,1.05
0.476190476,Генератор,1.2138
0.492063492,Генератор,3.0757
0.507936508,Генератор,2.8984
0.523809524,Генератор,2.1477
0.53968254,Генератор,1.7551
0.555555556,Генератор,1.7217
0.571428571,Генератор,2.8132
0.587301587,Генератор,2.1247
0.603174603,Генератор,1.5085
0.619047619,Генератор,1.2497
0.634920635,Генератор,1.7956
0.650793651,Генератор,2.3917
0.666666667,Генератор,1.8755
0.682539683,Генератор,0.8792
0.698412698,Генератор,1.3313
0.714285714,Генератор,1.646
0.73015873,Генератор,2.2891
0.746031746,Генератор,1.3803
0.761904762,Генератор,1.425
0.777777778,Генератор,2.3887
0.793650794,Генератор,3.3256
0.80952381,Генератор,2.0491
0.825396825,Генератор,1.2471
0.841269841,Генератор,2.0083
0.857142857,Генератор,2.3963
0.873015873,Генератор,1.1316
0.888888889,Генератор,2.8069
0.904761905,Генератор,2.813
0.920634921,Генератор,2.6525
0.936507937,Генератор,1.43
0.952380952,Генератор,2.6284
0.968253968,Генератор,1.3814
0.984126984,Генератор,1.7762
1.0,Генератор,1.2276
1.015873016,Генератор,1.4918
1.031746032,Генератор,2.1873
1.047619048,Генератор,0.7032
1.063492063,Генератор,3.078
1.079365079,Генератор,1.4388
1.095238095,Генератор,2.0205
1.111111111,Генератор,2.9468
1.126984127,Генератор,2.9894
1.142857143,Генератор,2.6214
1.158730159,Генератор,3.5584
1.174603175,Генератор,2.249
1.19047619,Генератор,2.0926
1.206349206,Генератор,2.5417
1.222222222,Генератор,2.4952
1.238095238,Генератор,1.859
1.253968254,Генератор,2.25
1.26984127,Генератор,2.6904
1.285714286,Генератор,3.3685
1.301587302,Генератор,0.7694
1.317460317,Генератор,2.1898
1.333333333,Генератор,2.4385
1.349206349,Генератор,2.8226
1.365079365,Генератор,1.9647
1.380952381,Генератор,2.6364
1.396825397,Генератор,2.7551
1.412698413,Генератор,1.7748
1.428571429,Генератор,0.5306
1.444444444,Генератор,2.4817
1.46031746,Генератор,1.7681
1.476190476,Генератор,2.4207
1.492063492,Генератор,3.1647
1.507936508,Генератор,2.4074
1.523809524,Генератор,3.122
1.53968254,Генератор,0.5906
1.555555556,Генератор,4.0897
1.571428571,Генератор,3.1724
1.587301587,Генератор,2.5395
1.603174603,Генератор,2.9261
1.619047619,Генератор,2.7073
1.634920635,Генератор,2.486
1.650793651,Генератор,2.1522
1.666666667,Генератор,1.2519
1.682539683,Генератор,2.1414
1.698412698,Генератор,3.2061
1.714285714,Генератор,2.0789
1.73015873,Генератор,2.6484
1.746031746,Генератор,3.1372
1.761904762,Генератор,2.2133
1.777777778,Генератор,3.6361
1.793650794,Генератор,2.6275
1.80952381,Генератор,3.1939
1.825396825,Генератор,3.4949
1.841269841,Генератор,2.4694
1.857142857,Генератор,2.7308
1.873015873,Генератор,2.7455
1.888888889,Генератор,2.6059
1.904761905,Генератор,2.481
1.920634921,Генератор,2.0192
1.936507937,Генератор,0.92
1.952380952,Генератор,3.4967
1.968253968,Генератор,3.6895
1.984126984,Генератор,1.0895
2.0,Генератор,2.2528
2.015873016,Генератор,3.3041
2.031746032,Генератор,1.9622
2.047619048,Генератор,3.5698
2.063492063,Генератор,3.257
2.079365079,Генератор,3.0774
2.095238095,Генератор,2.6669
2.111111111,Генератор,2.1387
2.126984127,Генератор,5.3141
2.142857143,Генератор,4.9045
2.158730159,Генератор,3.7469
2.174603175,Генератор,2.4752
2.19047619,Генератор,3.326
2.206349206,Генератор,4.4493
2.222222222,Генератор,4.437
2.238095238,Генератор,3.331
2.253968254,Генератор,1.0285
2.26984127,Генератор,3.1363
2.285714286,Генератор,2.0263
2.301587302,Генератор,4.8079
2.317460317,Генератор,4.5499
2.333333333,Генератор,1.2233
2.349206349,Генератор,3.2293
2.365079365,Генератор,0.0625
2.380952381,Генератор,3.0933
2.396825397,Генератор,3.5042
2.412698413,Генератор,1.887
2.428571429,Генератор,2.9624
2.444444444,Генератор,4.199
2.46031746,Генератор,3.0924
2.476190476,Генератор,6.4607
2.492063492,Генератор,3.0172
2.507936508,Генератор,2.7765
2.523809524,Генератор,4.1894
2.53968254,Генератор,1.876
2.555555556,Генератор,3.6651
2.571428571,Генератор,2.8832
2.587301587,Генератор,3.6979
2.603174603,Генератор,2.6864
2.619047619,Генератор,2.5477
2.634920635,Генератор,3.004
2.650793651,Генератор,2.7464
2.666666667,Генератор,3.0172
2.682539683,Генератор,5.1045
2.698412698,Генератор,5.8889
2.714285714,Генератор,4.7364
2.73015873,Генератор,3.9332
2.746031746,Генератор,3.328
2.761904762,Генератор,3.3919
2.777777778,Генератор,4.2508
2.793650794,Генератор,2.883
2.80952381,Генератор,2.8486
2.825396825,Генератор,5.2423
2.841269841,Генератор,3.5451
2.857142857,Генератор,3.2944
2.873015873,Генератор,5.0514
2.888888889,Генератор,3.4019
2.904761905,Генератор,3.0221
2.920634921,Генератор,3.496
2.936507937,Генератор,3.905
2.952380952,Генератор,3.6703
2.968253968,Генератор,4.1317
2.984126984,Генератор,4.3136
3.0,Генератор,3.8224
3.015873016,Генератор,9.979
3.031746032,Генератор,2.8899
3.047619048,Генератор,3.5795
3.063492063,Генератор,4.5548
3.079365079,Генератор,3.8279
3.095238095,Генератор,3.8315
3.111111111,Генератор,4.4691
3.126984127,Генератор,3.9773
3.142857143,Генератор,4.9226
3.158730159,Генератор,2.7832
3.174603175,Генератор,3.4443
3.19047619,Генератор,3.2931
3.206349206,Генератор,3.4541
3.222222222,Генератор,3.0806
3.238095238,Генератор,4.0771
3.253968254,Генератор,4.4106
3.26984127,Генератор,4.0085
3.285714286,Генератор,4.3058
3.301587302,Генератор,4.1623
3.317460317,Генератор,6.0764
3.333333333,Генератор,3.1863
3.349206349,Генератор,4.3948
3.365079365,Генератор,1.9607
3.380952381,Генератор,4.3604
3.396825397,Генератор,2.4579
3.412698413,Генератор,9.6817
3.428571429,Генератор,4.8495
3.444444444,Генератор,3.818
3.46031746,Генератор,4.1703
3.476190476,Генератор,3.3103
3.492063492,Генератор,4.5635
3.507936508,Генератор,5.4415
3.523809524,Генератор,3.554
3.53968254,Генератор,3.7514
3.555555556,Генератор,4.3966
3.571428571,Генератор,3.8621
3.587301587,Генератор,4.7281
3.603174603,Генератор,3.4281
3.619047619,Генератор,5.8783
3.634920635,Генератор,3.2729
3.650793651,Генератор,4.1956
3.666666667,Генератор,4.1969
3.682539683,Генератор,3.1866
3.698412698,Генератор,3.7005
3.714285714,Генератор,4.95
3.73015873,Генератор,0.3902
3.746031746,Генератор,2.1546
3.761904762,Генератор,0.8267
3.777777778,Генератор,5.0995
3.793650794,Генератор,3.2981
3.80952381,Генератор,4.8922
3.825396825,Генератор,4.4723
3.841269841,Генератор,3.8641
3.857142857,Генератор,1.5292
3.873015873,Генератор,4.4804
3.888888889,Генератор,4.0127
3.904761905,Генератор,5.8817
3.920634921,Генератор,4.0506
3.936507937,Генератор,1.8964
3.952380952,Генератор,5.465
3.968253968,Генератор,3.891
3.984126984,Генератор,3.3561
4.0,Генератор,4.1164
4.015873016,Генератор,12.0062
4.031746032,Генератор,3.161
4.047619048,Генератор,3.9495
4.063492063,Генератор,4.6852
4.079365079,Генератор,4.3202
4.095238095,Генератор,5.3793
4.111111111,Генератор,5.5567
4.126984127,Генератор,4.7311
4.142857143,Генератор,2.6413
4.158730159,Генератор,5.2858
4.174603175,Генератор,4.4466
4.19047619,Генератор,4.9288
4.206349206,Генератор,4.6205
4.222222222,Генератор,4.3258
4.238095238,Генератор,4.343
4.253968254,Генератор,3.5542
4.26984127,Генератор,5.3319
4.285714286,Генератор,2.1325
4.301587302,Генератор,8.108
4.317460317,Генератор,3.2511
4.333333333,Генератор,4.5803
4.349206349,Генератор,4.1296
4.365079365,Генератор,4.6861
4.380952381,Генератор,4.1417
4.396825397,Генератор,4.0333
4.412698413,Генератор,5.8903
4.428571429,Генератор,4.1417
4.444444444,Генератор,5.1219
4.46031746,Генератор,4.6563
4.476190476,Генератор,4.705
4.492063492,Генератор,4.0787
4.507936508,Генератор,4.0977
4.523809524,Генератор,6.0761
4.53968254,Генератор,4.2342
4.555555556,Генератор,4.3066
4.571428571,Генератор,10.7969
4.587301587,Генератор,6.4752
4.603174603,Генератор,1.7279
4.619047619,Генератор,4.0293
4.634920635,Генератор,4.886
4.650793651,Генератор,4.77
4.666666667,Генератор,2.9784
4.682539683,Генератор,3.3012
4.698412698,Генератор,5.526
4.714285714,Генератор,4.2271
4.73015873,Генератор,5.8054
4.746031746,Генератор,4.412
4.761904762,Генератор,4.7702
4.777777778,Генератор,4.0468
4.793650794,Генератор,4.2447
4.80952381,Генератор,4.2744
4.825396825,Генератор,6.4696
4.841269841,Генератор,4.8708
4.857142857,Генератор,4.0521
4.873015873,Генератор,5.0946
4.888888889,Генератор,4.9544
4.904761905,Генератор,5.1971
4.920634921,Генератор,3.8544
4.936507937,Генератор,4.7163
4.952380952,Генератор,5.353
4.968253968,Генератор,3.2479
4.984126984,Генератор,4.27
5.0,Генератор,4.0454
5.015873016,Генератор,11.3557
5.031746032,Генератор,3.0617
5.047619048,Генератор,5.2734
5.063492063,Генератор,4.7331
5.079365079,Генератор,0.3791
5.095238095,Генератор,4.4805
5.111111111,Генератор,5.348
5.126984127,Генератор,4.876
5.142857143,Генератор,3.7262
5.158730159,Генератор,3.5024
5.174603175,Генератор,4.5034
5.19047619,Генератор,3.8397
5.206349206,Генератор,3.3999
5.222222222,Генератор,4.3972
5.238095238,Генератор,5.0218
5.253968254,Генератор,4.9073
5.26984127,Генератор,4.3307
5.285714286,Генератор,4.9215
5.301587302,Генератор,5.377
5.317460317,Генератор,5.0407
5.333333333,Генератор,3.6612
5.349206349,Генератор,4.8933
5.365079365,Генератор,5.3178
5.380952381,Генератор,5.1322
5.396825397,Генератор,6.3089
5.412698413,Генератор,4.6974
5.428571429,Генератор,4.2748
5.444444444,Генератор,3.8785
5.46031746,Генератор,5.1051
5.476190476,Генератор,4.9911
5.492063492,Генератор,0.7072
5.507936508,Генератор,3.6851
5.523809524,Генератор,6.6913
5.53968254,Генератор,6.0542
5.555555556,Генератор,4.1102
5.571428571,Генератор,2.1016
5.587301587,Генератор,5.2434
5.603174603,Генератор,5.2267
5.619047619,Генератор,5.9004
5.634920635,Генератор,5.6546
5.650793651,Генератор,2.6489
5.666666667,Генератор,5.4527
5.682539683,Генератор,3.8706
5.698412698,Генератор,4.3668
5.714285714,Генератор,4.6544
5.73015873,Генератор,4.489
5.746031746,Генератор,4.3521
5.761904762,Генератор,4.0312
5.777777778,Генератор,5.9657
5.793650794,Генератор,3.8238
5.80952381,Генератор,5.3029
5.825396825,Генератор,5.0183
5.841269841,Генератор,6.2376
5.857142857,Генератор,4.3066
5.873015873,Генератор,6.5527
5.888888889,Генератор,2.7586
5.904761905,Генератор,5.0618
5.920634921,Генератор,5.5672
5.936507937,Генератор,4.5882
5.952380952,Генератор,4.1522
5.968253968,Генератор,5.4097
5.984126984,Генератор,4.9645
6.0,Генератор,4.3834
6.015873016,Генератор,15.0169
6.031746032,Генератор,5.4395
6.047619048,Генератор,4.5732
6.063492063,Генератор,4.7794
6.079365079,Генератор,3.8914
6.095238095,Генератор,5.5743
6.111111111,Генератор,4.6415
6.126984127,Генератор,4.1577
6.142857143,Генератор,6.5154
6.158730159,Генератор,5.4082
6.174603175,Генератор,4.6092
6.19047619,Генератор,4.8296
6.206349206,Генератор,6.087
6.222222222,Генератор,4.5783
6.238095238,Генератор,4.7493
6.253968254,Генератор,4.7616
6.26984127,Генератор,7.9435
6.285714286,Генератор,5.8342
6.301587302,Генератор,3.8838
6.317460317,Генератор,4.7202
6.333333333,Генератор,3.9715
6.349206349,Генератор,4.4327
6.365079365,Генератор,5.3038
6.380952381,Генератор,3.3708
6.396825397,Генератор,3.9736
6.412698413,Генератор,3.8634
6.428571429,Генератор,4.0499
6.444444444,Генератор,6.707
6.46031746,Генератор,4.296
6.476190476,Генератор,5.947
6.492063492,Генератор,5.7431
6.507936508,Генератор,5.8855
6.523809524,Генератор,2.7214
6.53968254,Генератор,6.7129
6.555555556,Генератор,5.7895
6.571428571,Генератор,4.8141
6.587301587,Генератор,5.369
6.603174603,Генератор,5.7968
6.619047619,Генератор,3.4876
6.634920635,Генератор,5.6723
6.650793651,Генератор,4.3668
6.666666667,Генератор,6.6788
6.682539683,Генератор,8.4115
6.698412698,Генератор,4.4811
6.714285714,Генератор,5.7835
6.73015873,Генератор,5.2874
6.746031746,Генератор,6.5371
6.761904762,Генератор,4.4317
6.777777778,Генератор,5.8128
6.793650794,Генератор,4.564
6.80952381,Генератор,5.2463
6.825396825,Генератор,2.7728
6.841269841,Генератор,6.8469
6.857142857,Генератор,5.4876
6.873015873,Генератор,4.1401
6.888888889,Генератор,5.3606
6.904761905,Генератор,6.4875
6.920634921,Генератор,5.3694
6.936507937,Генератор,1.4631
6.952380952,Генератор,5.283
6.968253968,Генератор,6.6101
6.984126984,Генератор,4.1822
7.0,Генератор,5.0222
7.015873016,Генератор,7.0635
7.031746032,Генератор,7.0119
7.047619048,Генератор,5.0129
7.063492063,Генератор,5.1365
7.079365079,Генератор,4.4864
7.095238095,Генератор,5.6014
7.111111111,Генератор,6.5348
7.126984127,Генератор,5.5646
7.142857143,Генератор,5.4016
7.158730159,Генератор,4.8104
7.174603175,Генератор,2.182
7.19047619,Генератор,6.797
7.206349206,Генератор,4.4059
7.222222222,Генератор,4.3664
7.238095238,Генератор,4.4048
7.253968254,Генератор,5.7143
7.26984127,Генератор,6.3927
7.285714286,Генератор,4.3062
7.301587302,Генератор,4.5666
7.317460317,Генератор,5.4116
7.333333333,Генератор,7.897
7.349206349,Генератор,2.3679
7.365079365,Генератор,5.3682
7.380952381,Генератор,5.846
7.396825397,Генератор,7.303
7.412698413,Генератор,6.8728
7.428571429,Генератор,5.0214
7.444444444,Генератор,4.371
7.46031746,Генератор,5.694
7.476190476,Генератор,5.0965
7.492063492,Генератор,5.4789
7.507936508,Генератор,5.3987
7.523809524,Генератор,5.2918
7.53968254,Генератор,5.3152
7.555555556,Генератор,3.6001
7.571428571,Генератор,5.1197
7.587301587,Генератор,5.2328
7.603174603,Генератор,5.6509
7.619047619,Генератор,4.4711
7.634920635,Генератор,5.2318
7.650793651,Генератор,4.674
7.666666667,Генератор,4.7288
7.682539683,Генератор,7.1429
7.698412698,Генератор,4.3152
7.714285714,Генератор,4.8074
7.73015873,Генератор,6.7048
7.746031746,Генератор,4.9508
7.761904762,Генератор,5.5777
7.777777778,Генератор,6.3009
7.793650794,Генератор,6.5888
7.80952381,Генератор,7.2389
7.825396825,Генератор,4.7531
7.841269841,Генератор,5.1681
7.857142857,Генератор,5.1158
7.873015873,Генератор,6.3571
7.888888889,Генератор,5.0247
7.904761905,Генератор,4.8838
7.920634921,Генератор,4.0497
7.936507937,Генератор,5.7465
7.952380952,Генератор,5.2058
7.968253968,Генератор,6.1006
7.984126984,Генератор,5.6455
8.0,Генератор,5.4693
8.015873016,Генератор,7.9766
8.031746032,Генератор,2.1915
8.047619048,Генератор,6.784
8.063492063,Генератор,5.5138
8.079365079,Генератор,4.9917
8.095238095,Генератор,6.386
8.111111111,Генератор,6.2039
8.126984127,Генератор,4.9771
8.142857143,Генератор,4.961
8.158730159,Генератор,4.8523
8.174603175,Генератор,2.217
8.19047619,Генератор,6.8974
8.206349206,Генератор,6.644
8.222222222,Генератор,7.3362
8.238095238,Генератор,7.1514
8.253968254,Генератор,7.5377
8.26984127,Генератор,6.5329
8.285714286,Генератор,5.428
8.301587302,Генератор,4.3357
8.317460317,Генератор,4.0919
8.333333333,Генератор,5.4579
8.349206349,Генератор,4.8591
8.365079365,Генератор,5.4681
8.380952381,Генератор,8.0126
8.396825397,Генератор,6.5908
8.412698413,Генератор,5.3676
8.428571429,Генератор,3.2942
8.444444444,Генератор,6.8591
8.46031746,Генератор,5.4332
8.476190476,Генератор,3.4444
8.492063492,Генератор,6.0272
8.507936508,Генератор,6.8438
8.523809524,Генератор,6.9401
8.53968254,Генератор,6.3858
8.555555556,Генератор,6.1776
8.571428571,Генератор,0.0771
8.587301587,Генератор,5.3269
8.603174603,Генератор,3.4917
8.619047619,Генератор,6.2331
8.634920635,Генератор,4.8194
8.650793651,Генератор,6.2889
8.666666667,Генератор,8.9503
8.682539683,Генератор,5.0764
8.698412698,Генератор,6.8571
8.714285714,Генератор,9.049
8.73015873,Генератор,5.1667
8.746031746,Генератор,4.2385
8.761904762,Генератор,5.4395
8.777777778,Генератор,6.3564
8.793650794,Генератор,6.5625
8.80952381,Генератор,5.1387
8.825396825,Генератор,5.0182
8.841269841,Генератор,6.097
8.857142857,Генератор,3.9925
8.873015873,Генератор,6.7694
8.888888889,Генератор,6.5428
8.904761905,Генератор,6.3151
8.920634921,Генератор,5.6064
8.936507937,Генератор,4.7243
8.952380952,Генератор,3.9761
8.968253968,Генератор,7.0879
8.984126984,Генератор,6.5136
9.0,Генератор,8.622
9.015873016,Генератор,3.7281
9.031746032,Генератор,4.6393
9.047619048,Генератор,2.7649
9.063492063,Генератор,4.1321
9.079365079,Генератор,3.7715
9.095238095,Генератор,4.7059
9.111111111,Генератор,6.1513
9.126984127,Генератор,6.1152
9.142857143,Генератор,5.3427
9.158730159,Генератор,3.5861
9.174603175,Генератор,4.9715
9.19047619,Генератор,5.6793
9.206349206,Генератор,8.0032
9.222222222,Генератор,6.5852
9.238095238,Генератор,6.9895
9.253968254,Генератор,5.677
9.26984127,Генератор,6.0125
9.285714286,Генератор,6.4656
9.301587302,Генератор,6.6753
9.317460317,Генератор,7.0739
9.333333333,Генератор,5.8426
9.349206349,Генератор,3.8042
9.365079365,Генератор,3.3032
9.380952381,Генератор,4.7332
9.396825397,Генератор,4.5068
9.412698413,Генератор,4.7328
9.428571429,Генератор,7.0235
9.444444444,Генератор,5.2498
9.46031746,Генератор,5.9924
9.476190476,Генератор,5.9593
9.492063492,Генератор,6.2417
9.507936508,Генератор,6.8878
9.523809524,Генератор,6.3061
9.53968254,Генератор,4.093
9.555555556,Генератор,5.854
9.571428571,Генератор,4.9539
9.587301587,Генератор,7.2556
9.603174603,Генератор,5.976
9.619047619,Генератор,4.545
9.634920635,Генератор,5.3375
9.650793651,Генератор,4.9289
9.666666667,Генератор,4.2179
9.682539683,Генератор,6.5282
9.698412698,Генератор,6.1591
9.714285714,Генератор,6.7222
9.73015873,Генератор,5.8541
9.746031746,Генератор,4.3906
9.761904762,Генератор,5.7739
9.777777778,Генератор,6.0169
9.793650794,Генератор,6.7533
9.80952381,Генератор,4.4906
9.825396825,Генератор,5.4348
9.841269841,Генератор,5.3394
9.857142857,Генератор,6.8899
9.873015873,Генератор,5.6172
9.888888889,Генератор,6.5123
9.904761905,Генератор,4.7973
9.920634921,Генератор,4.7985
9.936507937,Генератор,5.2794
9.952380952,Генератор,5.2967
9.968253968,Генератор,4.7868
9.984126984,Генератор,6.939
10.0,Генератор,5.2494
